Workbook

Sheet Lembar1
A1: PSIKOGRAM CIFT 2 FORM A
B2: Nama | E2: :
B3: JK (L/P) | E3: :
B4: Tgl Tes | E4: : | K4: (dd/mm/yyyy)
B5: Tgl Lahir | E5: : | K5: (dd/mm/yyyy)
B6: Usia | E6: : | F6: =DATEDIF(F5,F4,"Y")&"Tahun,"&DATEDIF(F5,F4,"YM")&"Bulan,"&DATEDIF(F5,F4,"MD")&"Hari" -> 0Tahun,0Bulan,0Hari
B8: Silahkan Input data dan jawaban Klien di kolom sesuai
B9: No | C9: Jawaban Klien | E9: No | F9: Jawaban Klien | H9: No | I9: Jawaban Klien | K9: No | L9: Jawaban Klien
B10: Tes 1 | E10: Tes 2 | H10: Tes 3 | K10: Tes 4
B11: 1 | C11: C | D11: =IF(C11=JAWABAN!B5,1,0) -> 1 | E11: 1 | F11: A | G11: =IF(F11=JAWABAN!D5,1,0) -> 0 | H11: 1 | I11: E | J11: =IF(I11=JAWABAN!F5,1,0) -> 0 | K11: 1 | L11: A | M11: =IF(L11=JAWABAN!H5,1,0) -> 0
B12: 2 | C12: B | D12: =IF(C12=JAWABAN!B6,1,0) -> 0 | E12: 2 | F12: E | G12: =IF(F12=JAWABAN!D6,1,0) -> 0 | H12: 2 | I12: C | J12: =IF(I12=JAWABAN!F6,1,0) -> 1 | K12: 2 | L12: C | M12: =IF(L12=JAWABAN!H6,1,0) -> 0
B13: 3 | C13: D | D13: =IF(C13=JAWABAN!B7,1,0) -> 0 | E13: 3 | F13: D | G13: =IF(F13=JAWABAN!D7,1,0) -> 1 | H13: 3 | I13: B | J13: =IF(I13=JAWABAN!F7,1,0) -> 1 | K13: 3 | L13: D | M13: =IF(L13=JAWABAN!H7,1,0) -> 0
B14: 4 | C14: C | D14: =IF(C14=JAWABAN!B8,1,0) -> 1 | E14: 4 | F14: D | G14: =IF(F14=JAWABAN!D8,1,0) -> 0 | H14: 4 | I14: A | J14: =IF(I14=JAWABAN!F8,1,0) -> 0 | K14: 4 | L14: C | M14: =IF(L14=JAWABAN!H8,1,0) -> 0
B15: 5 | C15: C | D15: =IF(C15=JAWABAN!B9,1,0) -> 0 | E15: 5 | F15: C | G15: =IF(F15=JAWABAN!D9,1,0) -> 1 | H15: 5 | I15: B | J15: =IF(I15=JAWABAN!F9,1,0) -> 0 | K15: 5 | L15: A | M15: =IF(L15=JAWABAN!H9,1,0) -> 0
B16: 6 | C16: A | D16: =IF(C16=JAWABAN!B10,1,0) -> 0 | E16: 6 | F16: A | G16: =IF(F16=JAWABAN!D10,1,0) -> 0 | H16: 6 | I16: E | J16: =IF(I16=JAWABAN!F10,1,0) -> 0 | K16: 6 | L16: B | M16: =IF(L16=JAWABAN!H10,1,0) -> 0
B17: 7 | C17: D | D17: =IF(C17=JAWABAN!B11,1,0) -> 0 | E17: 7 | F17: C | G17: =IF(F17=JAWABAN!D11,1,0) -> 0 | H17: 7 | I17: A | J17: =IF(I17=JAWABAN!F11,1,0) -> 0 | K17: 7 | L17: C | M17: =IF(L17=JAWABAN!H11,1,0) -> 0
B18: 8 | C18: B | D18: =IF(C18=JAWABAN!B12,1,0) -> 0 | E18: 8 | F18: C | G18: =IF(F18=JAWABAN!D12,1,0) -> 0 | H18: 8 | I18: D | J18: =IF(I18=JAWABAN!F12,1,0) -> 1 | K18: 8 | L18: B | M18: =IF(L18=JAWABAN!H12,1,0) -> 1
B19: 9 | C19: C | D19: =IF(C19=JAWABAN!B13,1,0) -> 1 | E19: 9 | F19: C | G19: =IF(F19=JAWABAN!D13,1,0) -> 0 | H19: 9 | I19: B | J19: =IF(I19=JAWABAN!F13,1,0) -> 0
B20: 10 | C20: C | D20: =IF(C20=JAWABAN!B14,1,0) -> 1 | E20: 10 | F20: C | G20: =IF(F20=JAWABAN!D14,1,0) -> 1 | H20: 10 | I20: A | J20: =IF(I20=JAWABAN!F14,1,0) -> 1
B21: 11 | C21: E | D21: =IF(C21=JAWABAN!B15,1,0) -> 0 | E21: 11 | F21: A | G21: =IF(F21=JAWABAN!D15,1,0) -> 0 | H21: 11 | I21: B | J21: =IF(I21=JAWABAN!F15,1,0) -> 1
B22: 12 | C22: a | D22: =IF(C22=JAWABAN!B16,1,0) -> 1 | E22: 12 | F22: B | G22: =IF(F22=JAWABAN!D16,1,0) -> 0 | H22: 12 | I22: C | J22: =IF(I22=JAWABAN!F16,1,0) -> 0
E23: 13 | F23: C | G23: =IF(F23=JAWABAN!D17,1,0) -> 0
E24: 14 | F24: D | G24: =IF(F24=JAWABAN!D18,1,0) -> 1
D25: =SUM(D11:D22) -> 5 | G25: =SUM(G11:G24) -> 4 | J25: =SUM(J11:J22) -> 5 | M25: =SUM(M11:M18) -> 1 | O25: =SUM(D25:M25) -> 15
B27: Hasil IQ dan Klasifikasi
B28: =VLOOKUP(O25,'RAW SCORE'!A5:C72,2,FALSE) -> 83 | E28: =VLOOKUP(O25,'RAW SCORE'!A5:C72,3,FALSE) -> LOW AVERAGE
C40: ©Persona Psikotes

Sheet JAWABAN
A3: CIFT
A4: Tes 1 | C4: Tes 2 | E4: Tes 3 | G4: Tes 4
A5: 1 | B5: C | C5: 1 | D5: B | E5: 1 | F5: A | G5: 1 | H5: C
A6: 2 | B6: D | C6: 2 | D6: C | E6: 2 | F6: C | G6: 2 | H6: B
A7: 3 | B7: A | C7: 3 | D7: D | E7: 3 | F7: B | G7: 3 | H7: A
A8: 4 | B8: C | C8: 4 | D8: A | E8: 4 | F8: E | G8: 4 | H8: D
A9: 5 | B9: B | C9: 5 | D9: C | E9: 5 | F9: C | G9: 5 | H9: C
A10: 6 | B10: E | C10: 6 | D10: C | E10: 6 | F10: A | G10: 6 | H10: C
A11: 7 | B11: B | C11: 7 | D11: A | E11: 7 | F11: B | G11: 7 | H11: A
A12: 8 | B12: C | C12: 8 | D12: E | E12: 8 | F12: D | G12: 8 | H12: B
A13: 9 | B13: C | C13: 9 | D13: D | E13: 9 | F13: E | G13: 9
A14: 10 | B14: C | C14: 10 | D14: C | E14: 10 | F14: A | G14: 10
A15: 11 | B15: D | C15: 11 | D15: C | E15: 11 | F15: B
A16: 12 | B16: A | C16: 12 | D16: C | E16: 12 | F16: B
C17: 13 | D17: A | E17: 13
C18: 14 | D18: D

Sheet RAW SCORE
A2: TOTAL RAW SCORE
B4: 14,0-14,11 | C4: Kategori
A5: 49 | B5: - | C5: GENIUS
A6: 48 | B6: 183 | C6: GENIUS
A7: 47 | B7: 179 | C7: GENIUS
A8: 46 | B8: 176 | C8: GENIUS
A9: 45 | B9: 173 | C9: GENIUS
A10: 44 | B10: 169 | C10: VERY SUPERIOR
A11: 43 | B11: 168 | C11: VERY SUPERIOR
A12: 42 | B12: 165 | C12: VERY SUPERIOR
A13: 41 | B13: 160 | C13: VERY SUPERIOR
A14: 40 | B14: 159 | C14: VERY SUPERIOR
A15: 39 | B15: 155 | C15: VERY SUPERIOR
A16: 38 | B16: 152 | C16: VERY SUPERIOR
A17: 37 | B17: 149 | C17: VERY SUPERIOR
... A72: 0 | B72: 45 | C72: PROFOUND MENTAL RETARFATION
